song,artists,genre
Abilene,"Gibson, D., Loudermilk, J. D.,
Brown, L., & Stanton, A.; REC:
George Hamilton IV",Country/Bluegrass
"Above And Beyond
(The Call Of Love)","Howard, Harlan; REC:
Conway Twitty; George
Hamilton IV; Sonny James;
Rodney Crowell",Country/Bluegrass
AC/DC Current,"Christian, C., Goodman, B., &
Hampton, L.; REC: Charlie
Christian; Benny Goodman;
Roberto Columbo",Jazz
Acadian Driftwood,"Robertson, Robbie; REC: The
Band",Folk/Roots
"Ac-Cent-Tchu-Ate The
Positive","Arlen, H., & Mercer, J.; REC:
Bing Crosby & the Andrews
Sisters; Ella Fitzgerald; Frank
Sinatra",Swing
"Accident In Paradise,
An","Vath, S., & Hildenbeutel, R.;
REC: Sven Vath",Dance/Electronica
Ace Of Spades,"Lemmy, Clarke, E., & Taylor,
P.; REC: Motorhead",Rock/Pop
Acid Tracks,"DJ Pierre, Herbert, & Spanky
J; REC: Phuture",Dance/Electronica
Acperience,"Bondazo, O., & Zenker, R.:
REC: Hardfloor",Dance/Electronica
Acquiesce,"Gallagher, Noel; REC: Oasis",Rock/Pop
Across The Universe,"Lennon, J., & McCartney, P.;
REC: The Beatles; Laibach",Rock/Pop
Act Naturally,"Russell, J., & Morrison, V.;
REC: Buck Owens; The
Beatles; Kitty Wells",Country/Bluegrass
Action Satisfaction,"Macfadden, L., Potsic, M.,
Givens, D., Henderson, C.,
Stewart, C., & Stuart, M.;
REC: Jurassic 5",Hip-Hop
Addicted To Love,"Palmer, Robert; REC: Robert
Palmer; Tina Turner; Ciccone
Youth",R & B/Soul
"Adventures Of Grandmaster Flash On
The Wheels Of Steel,
The","Robinson, S., Chase, J.,
Glover, M., & Jackson, G.;
REC: Grandmaster Flash",Hip-Hop
Africa,"Brown, Dennis; REC: Dennis
Brown",Reggae
Afro Puffs,"Lady Of Rage, The, & Dat
Nigga Daz; REC: The Lady Of
Rage",Hip-Hop
After Hours,"Hawkins, E., & Parrish, A.;
REC: Erskine Hawkins; Roy
Buchanan; Muddy Waters;
Woody Herman; Jimmy Smith",Blues
After Hours,"Reed, Lou; REC: The Velvet
Underground",Rock/Pop
After Midnight,"Cale, J. J.; REC: Eric Clapton;
J. J. Cale",Rock/Pop
After The Gold Rush,"Young, Neil; REC: Neil Young;
The Flaming Lips; The King's
Singers; Dolly Parton; Linda
Ronstadt; Emmylou Harris;
Prelude; Nana Mouskouri; k.
d. lang",Rock/Pop
After You've Gone,"Creamer, H., & Layton, T.;
REC: Bessie Smith; Louis
Armstrong; Joe Venuti; Eddie
Lang; Wynton Marsalis",Blues
Aftermath,Tricky; REC: Tricky,Dance/Electronica
"Against All Odds (Take
A Look At Me Now)","Collins, Phil; REC: Phil Collins",Rock/Pop
"Agua De Beber (Water
To Drink)","Jobim, A. C., De Moraes, V., &
Gimbel, N.; REC: Astrud
Gilberto; Frank Sinatra;
Antonio Carlos Jobim; Ryo
Kawasaki; Al Jarreau; Flora
Purim; Sergio Mendes; Charlie
Byrd",Jazz
"Ah! Sweet Mystery Of
Life","Herbert, V., & Johnson Young,
R.; REC: Sarah Vaughan;
Bing Crosby; Mario Lanza",Musical/Film
Ahead By A Century,"Downie, G., Baker, R., Fay, J.,
Langlois, P., & Sinclair, G.;
REC: The Tragically Hip",Rock/Pop
"Ain't It A Shame (aka
Ain't That A Shame)","Domino, F., & Bartholomew,
D.; REC: Fats Domino; T. Rex",R & B/Soul
Ain't Life A Brook,Ferron; REC: Ferron,Folk/Roots
Ain't Misbehavin',"Waller, F., & Brooks, H.; REC:
Fats Waller; Billie Holiday;
Louis Armstrong; Leon
Redbone; Carmen McRae;
Ray Charles; Count Basie;
Ella Fitzgerald",Jazz
Ain't No Cure For Love,"Cohen, Leonard; REC:
Leonard Cohen; Jennifer
Warnes",Rock/Pop
Ain't No Half Steppin',"Big Daddy Kane; REC: Big
Daddy Kane",Hip-Hop
"Ain't No Mountain High
Enough","Ashford, N., & Simpson, V.;
REC: Marvin Gaye & Tammi
Terrell; The Supremes;
Ashford & Simpson; Al Green",R & B/Soul
"Ain't No Sunshine
(When She's Gone)","Withers, Bill; REC: Bill
Withers; The Shirelles; Isaac
Hayes",R & B/Soul
Ain't Nobody,"Wolinski, David ""Hawk""; REC:
Rufus & Chaka Khan",R & B/Soul
"Ain't Nobody Here But
Us Chickens","Kramer, A., & Whitney, J.;
REC: Louis Jordan",Jazz
"Ain't Nothin' Goin On
But The Rent","Guthrie, Gwen; REC: Gwen
Guthrie",R & B/Soul
Ain't She Sweet,"Ager, M., & Yellen, J.; REC:
Jimmy Lunceford; Fletcher
Henderson; Erroll Garner;
Frank Sinatra; The Beatles;
The Dorsey Brothers",Jazz
Ain't Talkin' 'Bout Love,"Van Halen, E., Van Halen, A.,
Anthony, M., & Roth, D. L.;
REC: Van Halen",Rock/Pop
"Ain't That Just Like A
Woman","Moore, F., & Demetrius, C.;
REC: Louis Jordan; B. B.
King; Clarence ""Gatemouth""
Brown; Jimmy Smith; Chuck
Berry; Ronnie Hawkins;
Frankie Laine; Fats Domino;
Alice Cooper; Robert Palmer",Blues
Ain't That Lonely Yet,"Kostas; House, J.; REC:
Dwight Yoakam",Country/Bluegrass
Ain't That Peculiar,"Robinson, S., Moore, P.,
Roger, R., & Tarplin, M.; REC:
Marvin Gaye",R & B/Soul
Ain't Too Proud To Beg,"Holland, E., & Whitfield, N.;
REC: The Temptations",R & B/Soul
Ain't We Got Fun,"Whiting, R., Kahn, G., & Egan,
R.; REC: Billy Jones",Musical/Film
Air,"Corsten, Ferry; REC: Ferry
Corsten",Dance/Electronica
Air Mail Special,"Christian, C., Goodman, B., &
Mundy, J.; REC: Benny
Goodman; Ella Fitzgerald;
Charlie Christian; Lionel
Hampton; Fats Navarro",Swing
Al Capone,"Prince Buster; REC: Prince
Buster",Reggae
Alabama,"Young, Neil; REC: Neil Young",Rock/Pop
Alabama Jubilee,"Yellen, J., & Cobb, G.; REC:
Arthur Collins & Byron Harlan;
Leon Redbone",Musical/Film
"Alabama Song (Whisky
Bar)","Weill, K., & Brecht, B.; REC:
Lotte Lenya; The Doors",Musical/Film
Alabamy Bound,"Henderson, R., De Sylva, B.
G., & Green, B.; REC: Al
Jolson",Musical/Film
Albert Flasher,"Cummings, Burton; REC: The
Guess Who",Rock/Pop
Alberta's Child,"Tyson, Ian; REC: Ian Tyson",Country/Bluegrass
"Alexander's Ragtime
Band","Berlin, Irving; REC: Arthur
Collins, Byron Harlan, & Billy
Murray; Bessie Smith",Jazz
Alfie,"Bacharach, B., & David, H.;
REC: Dionne Warwick; Sarah
Vaughan; Carmen McRae;
Charlie Byrd; Stevie Wonder",Musical/Film
Alice Blue Gown,"Tierney, H. A., & McCarthy, J.;
REC: Glenn MIller; Chet
Atkins",Musical/Film
"Alice's Restaurant
Massacree","Guthrie, Arlo; REC: Arlo
Guthrie",Folk/Roots
Alifib/Alfie,"Wyatt, Robert; REC: Robert
Wyatt",Rock/Pop
Alison,"Costello, Elvis; REC: Elvis
Costello",Rock/Pop
Alive,"Vedder, E., & Gossard, S.;
REC: Pearl Jam",Rock/Pop
All Alone,"Berlin, Irving; REC: Al Jolson",Musical/Film
"All Along The
Watchtower","Dylan, Bob; REC: Bob Dylan;
Jimi Hendrix",Rock/Pop
All Apologies,"Cobain, Kurt; REC: Nirvana",Rock/Pop
All Around The World,"Weller, Paul; REC: The Jam",Rock/Pop
All Around The World,"Stansfield, L., Devaney, I., &
Morris, A.; REC: Lisa
Stansfield",R & B/Soul
"All Around The World
(aka Grits Ain't
Groceries)","Turner, Titus; REC: Little
Willie John; Titus Turner; Little
Milton; Champion Jack
Dupree; James Booker; Lou
Rawls",R & B/Soul
All Blues,"Davis, Miles; REC: Miles
Davis; Herbie Mann; Julie
Driscoll; Mary Lou Williams;
Chick Corea; Oscar Peterson;
Larry Carlton; Tito Puente;
George Benson; Chet Baker;
Herbie Hancock",Jazz
All By Myself,"Carmen, E.; REC: Eric
Carmen; Shirley Bassey; Sheryl
Crow; Tom Jones",Rock/Pop
"All Day And All Of The
Night","Davies, Ray; REC: The Kinks;
The Stranglers",Rock/Pop
"All I Do Is Dream Of
You","Brown, N. H., & Freed, A.;
REC: Johnnie Ray; ; Leon
Redbone",Musical/Film
All I Have Is Love,"Isaacs, G., & Dobson, D.;
REC: Gregory Isaacs",Reggae
"All I Have To Do Is
Dream","Bryant, B. & Bryant, F.; REC:
The Everly Brothers",Country/Bluegrass
All I Really Want To Do,"Dylan, Bob; REC: Bob Dylan;
The Byrds; Bob Dylan",Folk/Roots
All I Wanna Do,"Crow, S., Baerwald, D.,
Bottrell, B., Cooper, W., &
Gilbert, K.; REC: Sheryl Crow",Rock/Pop
All I Want,"Mitchell, Joni; REC: Joni
Mitchell",Rock/Pop
"All My Ex's Live In
Texas","Schafer, S. D., & Schafer, L.;
REC: George Strait",Country/Bluegrass
All Night Long,"Otis, Johnny; REC: Johnny
Otis",Blues
All Of Me,"Marks, G., & Simons, S.; REC:
Billie Holiday; Louis
Armstrong; Willie Nelson;
Frank Sinatra; Sarah
Vaughan; Jimmy Dorsey;
Lester Young; Chaka Khan",Jazz
All Or Nothing At All,"Lawrence, J., & Altman, A.;
REC: Frank Sinatra",Jazz
All Right Now,"Rodgers, P., & Fraser, A.;
REC: Free",Rock/Pop
All Shook Up,"Blackwell, Otis; REC: Elvis
Presley; Jeff Beck",Rock/Pop
All That I Can Say,"Hill, Lauryn; REC: Mary J.
Blige",R & B/Soul
All The Best,"Prine, John; REC: John Prine",Folk/Roots
"All The Gold In
California","Gatlin, Larry; REC: Larry
Gatlin & The Gatlin Brothers
Band",Country/Bluegrass
All The Lovely Ladies,"Lightfoot, Gordon; REC:
Gordon Lightfoot",Folk/Roots
All The Things You Are,"Kern, J., & Hammerstein, II,
O.; REC: Frank Sinatra; Tony
Bennett; Chet Baker; Coleman
Hawkins; Artie Shaw; Marian
McPartland; Mario Lanza",Jazz
All The Way,"Van Heusen, J., & Cahn, S.;
REC: Frank Sinatra; Lee
Morgan; Herbie Nichols",Jazz
All The Young Dudes,"Bowie, David; REC: Mott The
Hoople; David Bowie; Ringo
Starr",Rock/Pop
"All Things Dull And
Ugly","Idle, Eric/Traditional; REC:
Monty Python; Eric Idle",Musical/Film
All Tomorrow's Parties,"Reed, Lou; REC: The Velvet
Underground; Simple Minds",Rock/Pop
All You Need Is Love,"Lennon, J., & McCartney, P.;
REC: The Beatles",Rock/Pop
All Your Love,"Maghett, ""Magic"" Sam; REC
Magic Sam",Blues
"All Your Love (I Miss
Loving)","Rush, Otis; REC: Otis Rush;
Stevie Ray Vaughan; Albert
King; Steve Miller Band; Rick
Derringer; Al Jones; Melvin
Taylor & The Slack Band",Blues
"Almost Independence
Day","Morrison, Van; REC: Van
Morrison",R & B/Soul
Almost Persuaded,"Sherrill, B., & Sutton, G.; REC:
David Houston; Webb Pierce",Country/Bluegrass
Alone And Forsaken,"Williams, Sr., Hank; REC:
Hank Williams, Sr.",Country/Bluegrass
Along Came Betty,"Golson, Benny; REC: Benny
Golson; Art Blakey; Phil
Woods; Milt Jackson; Quincy
Jones; Joe Lovano; James
Gentry; Tito Puente",Jazz
Alright,Supergrass; REC: Supergrass,Rock/Pop
"Alright, Okay, You Win","Wyche, S., & Watts, M.; REC:
Count Basie",Jazz
Always,"Berlin, Irving; REC: Benny
Goodman",Jazz
Always Be My Baby,"Carey, M., Seal, Jr., M., &
Dupri, J.; REC: Mariah Carey",R & B/Soul
"Always Late (With Your
Kisses)","Frizzell, L., & Crawford, B.;
REC: Lefty Frizzell",Country/Bluegrass
"Always Look On The
Bright Side Of Life","Idle, Eric; REC: Monty Python;
Eric Idle; Bruce Cockburn; Art
Garfunkel",Musical/Film
Always On My Mind,"Christopher, J., Thompson,
W., & James, M.; REC: Willie
Nelson; Elvis Presley; Pet
Shop Boys; Ruth Brown; Floyd
Cramer",Country/Bluegrass
Always Say Goodbye,"Haden, Charlie; REC: Charlie
Haden's Quartet West",Jazz
"Always Something
There To Remind Me","Bacharach, B., & David, H.;
REC: Sandie Shaw; Naked
Eyes; Dionne Warwick;
Martha & The Vandellas",Rock/Pop
Am I Blue?,"Akst, H., & Clarke, G.; REC:
Libby Holman; Billie Holiday;
Mose Allison; Ray Charles;
Woody Herman; Dinah
Washington",Jazz
Amanda,"McDill, Bob; REC: Don
Williams; Waylon Jennings;
The Statler Brothers",Country/Bluegrass
Amarillo By Morning,"Fraser, P., & Stafford, T.;
REC: George Strait; Moe
Bandy; Asleep At The Wheel",Country/Bluegrass
Amelia,"Mitchell, Joni; REC: Joni
Mitchell",Rock/Pop
America,"Simon, Paul; REC: Simon &
Garfunkel; Yes",Folk/Roots
America Without Tears,"Costello, Elvis; REC: Elvis
Costello",Rock/Pop
American Girl,"Petty, Tom; REC: Tom Petty &
The Heartbreakers",Rock/Pop
"American In Paris, An","Gershwin, George; REC:
Andre Previn & The London
Symphony Orchestra",Jazz
American Pie,"McLean, Don; REC: Don
McLean",Rock/Pop
American Tune,"Simon, Paul; REC: Paul
Simon",Rock/Pop
American Woman,"Bachman, R., & Cummings,
B.; REC: The Guess Who;
Lenny Kravitz; Ringo Starr;
Butthole Surfers",Rock/Pop
"AmeriKKKa's Most
Wanted","Ice Cube, Sadler, E., &
Shocklee, K.; REC: Ice Cube",Hip-Hop
Among My Souvenirs,"Nicholls, H., & Leslie, E.; REC:
Paul Whiteman; Connie
Francis",Musical/Film
Amsterdam,"Brel, J., Blau, E., & Shuman,
E.; REC: Jacques Brel; David
Bowie",Musical/Film
Anarchy In The UK,"Rotten, J., Vicious, S., Cook,
P., & Jones, S.; REC: The Sex
Pistols",Rock/Pop
Anasthasia,"Abbeloos, Oliver; REC: T-99",Dance/Electronica
Anchorage,"Shocked, Michelle, REC:
Michelle Shocked",Folk/Roots
Anchors Aweigh,"Zimmerman, C. A., Miles, A.
H., & Lovell, R.; REC: U. S.
Naval Academy Band",Musical/Film
And All That Jazz,"Kander, J., & Ebb, F.; REC:
Chita Rivera",Musical/Film
"And Her Tears Flowed
Like Wine","Kenton, S., Lawrence, C., &
Greene, J.; REC: Stan
Kenton; Ella Fitzgerald; Anita
O'Day; Dinah Washington;
Jon Carroll",Swing
"And If Venice Is
Sinking","Mann, J., & Kelly, G.; REC:
Spirit Of The West",Folk/Roots
And The Angels Swing,"Getz, Stan; REC: Stan Getz;
Bishop Boys; Brian Ogilvie;
Dave Pell",Jazz
"And The Band Played
Waltzing Matilda","Bogle, Eric; REC: Eric Bogle;
The Bushwackers; June
Tabor; John McDermott; The
Dubliners; Tommy Makem;
Danny Doyle; The Pogues;
Laggan; Priscilla Hardman",Folk/Roots
"And The Green Grass
Grew All Around","Von Tilzer, H., & Jerome, W.;
REC: Walter Van Brunt",Musical/Film
And When I Die,"Nyro, L., & Sears, J.; REC:
Laura Nyro; Blood, Sweat &
Tears",Rock/Pop
Androgynous,"Westerberg, Paul; REC: The
Replacements",Rock/Pop
Angel,"McLachlan, Sarah; REC:
Sarah McLachlan",Rock/Pop
Angel Eyes,"Dennis, M., & Brent, E. K.;
REC: Ella Fitzgerald; Nat King
Cole; Wes Montgomery; Anita
O'Day; June Christy; Benny
Carter; The Modern Jazz
Quartet; John Coltrane; Frank
Sinatra; Chet Baker; Shirley
Bassey; Bobby Timmons;
Nancy Wilson; Roberta Flack;
Stephane Grappelli",Jazz
"Angel Flying Too Close
To The Ground","Nelson, Willie; REC: Willie
Nelson; Jerry Butler; Kelley
Deal; Gary Floyd; Hank
Cochran; Pamela McNeill",Country/Bluegrass
"Angel From
Montgomery","Prine, John; REC: John Prine;
Bonnie Raitt",Folk/Roots
Angel In Manhattan,"Paul, Ellis; REC: Ellis Paul",Folk/Roots
"Angel Of Death, The","Williams, Sr., Hank; REC:
Hank Williams, Sr.",Gospel
Angel Of The Morning,"Taylor, Chip; REC: Juice
Newton; Skeeter Davis; Nina
Simone; Merilee Rush",Country/Bluegrass
Angels,"Williams, R., & Chambers, G.;
REC: Robbie Williams",Rock/Pop
Angi,"Graham, Davy; REC: Bert
Jansch; Davy Graham",Folk/Roots
Angie,"Jagger, M., & Richards, K.;
REC: The Rolling Stones",Rock/Pop
"Anniversary Song, The","Chaplin, Saul; REC: Al Jolson",Musical/Film
"Anniversary Song, The","Timmins, Michael; REC:
Cowboy Junkies",Rock/Pop
"Another Brick In The
Wall (Part 2)","Waters, Roger; REC: Pink
Floyd",Rock/Pop
"Another One Bites The
Dust","Deacon, John; REC: Queen",Dance/Electronica
"Another Sad Love
Song","Babyface, & Simmons, D.;
REC: Toni Braxton",R & B/Soul
"Another Saturday
Night","Cooke, Sam; REC: Sam
Cooke; Sam & Dave; Cat Stevens",R & B/Soul
Another World,"Haviv, H., Nissin, A., &
Sebbag, G.; REC: Astral
Projection",Dance/Electronica
"Answer Me, My Love","Winkler, G., Rauch, F., &
Sigman, C.; REC: Nat King
Cole; Joni Mitchell; The
Impressions; Eddie Arnold;
Marty Robbins; Etta Jones;
Bing Crosby; Frankie Laine;
Don Shirley; Marcus Roberts;
Gene Pitney",Jazz
Answering Machine,"Green Velvet; REC: Green
Velvet; Steve Lawler",Dance/Electronica
Anthem,"Cohen, Leonard; REC:
Leonard Cohen",Rock/Pop
Anthropology,"Parker, C., & Gilespie, D.;
REC: Charlie Parker; Dizzy
Gillespie; Claude Thornhill;
Fats Navarro; Art Pepper;
Sheila Jordan; Houston
Person; Hank Jones; Keith
Copeland; Tom Cohen; Max
Roach; Gil Evans; Milt
Jackson; Phil Woods",Jazz
Any Old Time,"Rodgers, Jimmie; REC:
Jimmie Rodgers; Ernest Tubb;
Hank Snow; Webb Pierce;
George Jones; Doc Watson;
Merle Travis; Alison Krauss;
Steve Forbert; Gene Autry;
Fats Domino",Country/Bluegrass
Any Old Time,"Shaw, Artie; REC: Billie
Holiday with Artie Shaw;
Tommy Dorsey; Ella
Fitzgerald; Carmen McRae; ",Jazz
"Any Place I Hang My
Hat Is Home","Arlen, H., & Mercer, J.; REC:
Judy Garland; Jo Stafford;
Lena Horne; Barbra Streisand",Musical/Film
Any Time,"Lawson, Herbert H.; REC:
Eddy Arnold",Musical/Film
"Anyone Who Had A
Heart","Bacharach, B., & David, H.;
REC: Dionne Warwick; Cilla
Black",R & B/Soul
Anything Goes,"Porter, Cole; REC: Ethel
Merman; Tony Bennett",Jazz
Anything You Can Do,"Berlin, Irving; REC: Ethel
Merman & Ray Middleton;
Betty Hutton & Howard Keel",Musical/Film
Apache,"Lordan, Jerry; REC: The
Shadows; Jorgen Ingmann",Rock/Pop
Apache,"Robinson, S., Chase, J.,
Cook, C., & Wright, M.; REC:
The Sugarhill Gang",Hip-Hop
Appletree,"Badu, E., & Bradford, R.;
REC: Erykah Badu",R & B/Soul
April Fools,"Wainwright, Rufus; REC:
Rufus Wainwright",Rock/Pop
April In Paris,"Duke, V., & Harburg, E. Y.;
REC: Count Basie; Louis
Armstrong; Ella Fitzgerald;
Billie Holiday; Sarah Vaughan;
Coleman Hawkins; Wynton
Marsalis; Benny Golson",Jazz
April Kisses,"Lang, Eddie; REC: Eddie
Lang; Bucky Pizzarelli",Jazz
April Showers,"Silvers, L., & De Sylva, B. G.;
REC: Al Jolson",Musical/Film
"Aqua Boogie (A
Psychoalphadisco-betabioaquadoloop)","Clinton, G., Worrell, B., &
Collins, B.; REC: Parliament",R & B/Soul
Aquarius,"MacDermot, G., Ragni, G., &
Rado, J.; REC: Original
Broadway Cast, Hair; Chet
Atkins; George Shearing",Musical/Film
Aquemini,"Benjamin, A., & Patton, A. A.;
REC: OutKast",Hip-Hop
"Are You Gonna Go My
Way?","Kravitz, L., & Ross, C.; REC:
Lenny Kravitz",Rock/Pop
"Are You Lonesome
Tonight?","Handman, L., & Turk, R.;
REC: Elvis Presley; ; Leon
Redbone",Musical/Film
Arkansas Road Blues,"Spivey, Victoria; REC: Victoria
Spivey",Blues
Around The World,"Bangalter, T., & De Homem-Christo, G.; REC: Daft Punk",Dance/Electronica
Artistry In Rhythm,"Kenton, Stan; REC: Stan
Kenton; Pete Rugolo; Duke
Ellington; BBC Big Band;
Benny Goodman",Swing
"As Soon As I Find My
Shoes, I'm Gone",Ferron; REC: Ferron,Folk/Roots
As Tears Go By,"Jagger, M., Richards, K., &
Oldham, A.; REC: The Rolling
Stones; Marianne Faithfull",Rock/Pop
As The World Turns,"Eminem, Bass, M., & Bass, J.;
REC: Eminem",Hip-Hop
"As The Years Go
Passing By","Malone, Deadric; REC: Albert
King; Gary Moore; Santana;
The Jeff Healey Band; Magic
Sam; John Lee Hooker",Blues
As Time Goes By,"Hupfeld, Herman; REC:
Dooley Wilson; Billie Holiday;
The Famingos; Rod Stewart &
Queen Latifah",Musical/Film
"Ascension (Don't Ever
Wonder)","Musze, & Itaal Shur; REC:
Maxwell",R & B/Soul
Ask The Angels,"Smith, P., & Kral, I.; REC:
Patti Smith Group",Rock/Pop
Astral Weeks,"Morrison, Van; REC: Van
Morrison",R & B/Soul
Astronomy Domine,"Barrett, Syd; REC: Pink Floyd;
Nash The Slash; Gary Lucas;
Voivod",Rock/Pop
At Last,"Warren, H., & Gordon, M.;
REC: Etta James; Joni
Mitchell; Phoebe Snow",Jazz
At Les,"Craig, Carl; REC: Carl Craig",Dance/Electronica
At Seventeen,"Ian, Janis; REC: Janis Ian",Rock/Pop
"At The Chime Of A City
Clock","Drake, Nick; REC: Nick Drake",Folk/Roots
"A-Tisket, A-Tasket","Fitzgerald, E., & Alexander, V.;
REC: Ella Fitzgerald; Fats
Waller; Chick Webb; Red
Norvo; Django Reinhardt; Sara
Hickman; Glenn Miller; Tommy
Dorsey; Mildred Bailey",Jazz
Atomic Dog,"Clinton, G., Shider, G., &
Spradley, D.; REC: George
Clinton",R & B/Soul
Atomic Moog,"Coldcut, Blackmore, R., &
Brook, P.; REC: Coldcut",Dance/Electronica
Attica Blues,"Shepp, Archie; REC: Archie
Shepp",Jazz
"Auctioneer, The","Van Dyke, L, & Black, B.;
REC: Gordon Lightfoot",Country/Bluegrass
Auf Wiedersehn,"Romberg, S., & Reynolds, H.;
REC: Nelson Eddy",Musical/Film
Aural Prostitution,DJ Vadim; REC: DJ Vadim,Dance/Electronica
Autobahn,"Hutter, R., Schneider, F., &
Schult, E.; REC: Kraftwerk",Dance/Electronica
Autumn In New York,"Duke, Vernon; REC: Frank
Sinatra; Billie Holiday; Mary
Lou Williams; Ahmad Jamal",Jazz
Autumn Leaves,"Kosma, J., & Mercer, J.; REC:
Roger Williams; Art Pepper;
Sarah Vaughan; Mary Lou
Williams; Wynton Marsalis;
Eva Cassiday; Ahmad Jamal;
Benny Golson",Jazz
Avalon,"Rose, V., & De Sylva, B. G.;
REC: Jimmie Lunceford;
Benny Goodman; Django
Reinhardt; Al Jolson; Nat King
Cole; Sarah Vaughan; Anita
O'Day; Mary Lou  Williams",Jazz
Avalon,"Ferry, Bryan; REC: Roxy
Music; M People; Valgardena;
Sunday People",Rock/Pop
Avalon Blues,"Hurt, Mississippi John; REC:
Mississippi John Hurt; Bill
Morrissey",Blues
Avon,"Homme, J., Hernandez, A., &
McBain; REC: Queens Of The
Stone Age",Rock/Pop
Award Tour,"Tribe Called Quest, A; REC: A
Tribe Called Quest",Hip-Hop
"Away Down In The
Alley Blues","Johnson, Lonnie; REC: Lonnie
Johnson; Eddie Lang",Blues
Ay-te Te Fee,"Chenier, Clifton; REC: Clifton
Chenier",Folk/Roots
Baba O'Riley,"Townshend, Pete; REC: The
Who",Rock/Pop
"Babbitt And The
Bromide, The","Gershwin, G., & Gershwin, I.;
REC: Fred Astaire; Gene Kelly",Musical/Film
"Babe I'm Gonna Leave
You","Bennett, P., Bredon, A., &
Darling, E.; REC: Led Zeppelin",Rock/Pop
Baby Face,"Akst, H., & Davis, B.; REC:
Eddie Cantor; Al Jolson;
Sammy Kaye; Little Richard;
The Kinks; Thin Lizzy; Bobby
Darin; Tom Jones",Musical/Film
Baby Got Back,Sir Mix-A-Lot; REC: Sir Mix-A-Lot,Hip-Hop
"Baby I Need Your
Loving","Holland, B., Dozier, L., &
Holland, E.; REC: The Four
Tops; Phoebe Snow",R & B/Soul
Baby I'm Yours,"McCoy, Van; REC: Barbara
Lewis; Cilla Black; Petula
Clark; Billy Preston; Tanya
Tucker; Jody Miller",R & B/Soul
Baby Love,"Holland, B., Dozier, L., &
Holland, E.; REC: The
Supremes",R & B/Soul
Baby Luv,"Larrieux, A., Brown, D.,
Wilson, B., & Wilson, B. J.;
REC: Groove Theory",Dance/Electronica
Baby Please Don't Go,"Williams, Big Joe/Traditional;
REC: Big Joe Williams;
Lightnin' Hopkins; The Amboy
Dukes; Big Bill Broonzy; John
Hammond, Jr.; Muddy Waters;
John Lee Hooker; Bob Dylan;
The Orioles; Them;
Mose Allison; Mississippi Fred
McDowell; AC/DC",Blues
Baby Wants To Ride,"Knuckles, Frankie; REC:
Frankie Knuckles",Dance/Electronica
"Baby What You Want
Me To Do","Reed, Jimmy; REC: Jimmy
Reed; Etta James",Blues
"Baby, It's Cold Outside","Loesser, Frank; REC: Ella
Fitzgerald & Louis Jordan;
Rod Stewart",Jazz
"Baby, Let Me Follow
You Down","Davis, Rev. Gary; REC: Rev.
Gary Davis; Bob Dylan",Blues
"Baby, Scratch My Back","Harpo, Slim; REC: Slim Harpo;
Booker T & the MGs; The
Yardbirds",Blues
Babylon,"Gray, David; REC: David Gray",Rock/Pop
Babylon Burning,"U-Roy, & Robinson, T.; REC:
U-Roy",Reggae
Babylon Falling,"Sibbles, L., Llewellyn, B.,
Morgan, E., DeCarlo, G.,
Frashuer, D., & Leka, P.;
REC: The Heptones",Reggae
"Back At The Chicken
Shack","Smith, Jimmy; REC: Jimmy
Smith; Les McCann; Quincy
Jones; Stanley Turrentine;
Muddy Waters; Phish; Joey
DeFrancesco; Jamey
Aebersold; Mel Brown",Blues
Back Door Man,"Dixon, Willie; REC: Willie
Dixon; Howlin' Wolf; The
Doors",Blues
Back For Good,"Barlow, Gary; REC: Take
That; Lipstick; Robbie Williams",Rock/Pop
"Back Home Again In
Indiana","Hanley, J. F., & MacDonald,
B.; REC: Original Dixieland
Jazz Band; Louis Armstrong;
Kid Ory; Art Tatum; Benny
Goodman; Lester Young; Earl
Hines; Count Basie; Nat King
Cole; Charlie Parker; Lester
Young; Bud Powell; Duke
Ellington; Dave Brubeck",Jazz
Back In Black,"Young, A., Young, M., &
Johnson, B.; REC: AC/DC",Rock/Pop
"Back In The Saddle
Again","Autry, G., & Whitley, R. ; REC:
Gene Autry; Waylon Jennings;
Sonny James; Merle Travis;
Riders In The Sky; Moe Bandy",Country/Bluegrass
Back In The U. S. S. R.,"Lennon, J., & McCartney, P.;
REC: The Beatles",Rock/Pop
"Back On The Chain
Gang","Hynde, Chrissie; REC: The
Pretenders",Rock/Pop
"Back Stabbers, The","Huff, L., McFadden, G., &
Whitehead, J.; REC: The
O'Jays",R & B/Soul
Back That Azz Up,"Juvenile, & Carter, D. P.; REC:
Juvenile",Hip-Hop
Back To Life,"Romeo, Beresford; REC: Soul
II Soul & Caron Wheeler",Dance/Electronica
Backwater Blues,"Smith, Bessie; REC: Bessie
Smith; Albert Ammons; Dinah
Washington; Jimmy
Witherspoon; Uncle Dave
Macon; Leadbelly; Josh White;
Skip James; Lonnie Johnson",Blues
Bad Boys,"Lewis, Ian; REC: Inner Circle",Reggae
Bad Girls,"Summer, D., Esposito, J.,
Hokenson, E., & Sudano, B.;
REC: Donna Summer",Dance/Electronica
Bad Luck Blues,"Jefferson, Blind Lemon; REC:
Blind Lemon Jefferson; Roy
Bookbinder; Ken Hamm: Joy
Of Cooking",Blues
Bad Moon Rising,"Fogerty, John; REC:
Creedence Clearwater Revival",Rock/Pop
Bad To The Bone,"Thorogood, George; REC:
George Thorogood & The
Destroyers",Blues
"Bad, Bad Leroy Brown","Croce, Jim; REC: Jim Croce;
Frank Sinatra",Rock/Pop
Bali Ha'i,"Rodgers, R., & Hammerstein,
II, O.; REC: Peggy Lee; Sam
Cooke; Frank Sinatra",Musical/Film
Ball And Chain,"Thornton, Big Mama; REC:
Janis Joplin (Big Brother & the
Holding Company); Big Mama
Thornton",Blues
"Ballad Of A Teenage
Queen","Clement, Jack; REC: Johnny
Cash",Country/Bluegrass
Ballad Of A Thin Man,"Dylan, Bob; REC: Bob Dylan",Rock/Pop
"Ballad Of Bonnie And
Clyde, The","Murray, M., & Callander, P.;
REC: Georgie Fame",Musical/Film
"Ballad Of Davy
Crockett, The","Bruns, G., & Blackburn, T.;
REC: Tennessee Ernie Ford;
Bill Hayes",Country/Bluegrass
"Ballad Of El Goodo,
The","Chilton, A., & Bell, C.; REC:
Big Star",Rock/Pop
"Ballad Of Hollis Brown,
The","Dylan, Bob; REC: Bob Dylan",Blues
"Ballad Of Ira Hayes,
The","LaFarge, Peter; REC: Johnny
Cash; Kinky Friedman",Country/Bluegrass
"Ballad Of Lucy Jordan,
The","Silverstein, Shel; REC:
Marianne Faithfull",Rock/Pop
"Ballad Of Paladin, The","Western, J., Boone, R., &
Rolfe, S.; REC: Johnny
Western; Duane Eddy",Country/Bluegrass
"Ballad Of Peter
Pumpkinhead","Partridge, Andy; REC: XTC",Rock/Pop
"Ballad Of Sweeney
Todd, The","Sondheim, Stephen; REC: Len
Cariou",Musical/Film
Ballad Of The Alamo,"Tiomkin, D., & Webster, P. F.;
REC: Marty Robbins",Country/Bluegrass
"Ballad Of Thunder
Road","Raye, D., & Mitchum, R.; REC:
Robert Mitchum",Country/Bluegrass
Ballerina,"Morrison, Van; REC: Van
Morrison",R & B/Soul
Ballin' The Jack,"Smith, C., & Burris, J. H.;
REC: Prince's Orchestra",Musical/Film
Baltimore Buzz,"Blake, E., & Sissle, N.; REC:
Eubie Blake; James P.
Johnson; Noble Sissle",Musical/Film
"Banana Boat Song,
The (Day-O)","Darling, E., Carey, B., & Arkin,
A.; REC: Harry Belafonte",Folk/Roots
"Bananas (Who You
Gonna Call?)","Queen Latifah, Crapps, G.,
Peaks, A., & Siskind, M.; REC:
Queen Latifah",Hip-Hop
Band Of Gold,"Dunbar, R., & Wayne, E.;
REC: Freda Payne",R & B/Soul
Barbie Girl,"Dif, R., Norreen, C., Nystrom,
L., & Rasted, S.; REC: Velva
Blu; Aqua",Dance/Electronica
Barrett's Privateers,"Rogers, Stan; REC: Stan
Rogers",Folk/Roots
Basin Street Blues,"Williams, Spencer; REC: Louis
Armstrong; Sidney Bechet;
Benny Goodman",Blues
Basket Case,"Armstrong, Billie Joe; Green
Day; REC: Green Day",Rock/Pop
Basketball,"Blow, K., Bralower, J., Ford,
Jr., R., Full Force, Moore, J.
B., & Waring, W.; REC: Kurtis
Blow",Hip-Hop
Batman Theme,"Hefti, Neal; REC: Neal Hefti",Musical/Film
Batonga,"Kidjo, A., & Hebrail, J.; REC:
Angelique Kidjo",Dance/Electronica
Battle Of New Orleans,"Driftwood, Jimmie; REC:
Johnny Horton",Country/Bluegrass
"Baubles, Bangles, And
Beads","Wright, R. B., & Forrest, G.;
REC: Peggy Lee; Frank
Sinatra; Benny Golson",Jazz
Bawitdaba,"Kid Rock, Krause, J., &
Schafer, M.; REC: Kid Rock",Rock/Pop
Bay City,"Haden, Charlie; REC: Charlie
Haden's Quartet West",Jazz
Be Careful With A Fool,"King, B. B., & Josea, J.; REC:
B. B. King; Johnny Winter",Blues
Be In My Video,"Zappa, Frank; REC: Frank
Zappa",Rock/Pop
Be My Baby,"Spector, P., Barry, J., &
Greenwich, E.; REC: The
Ronettes",R & B/Soul
Be My Love,"Brodszky, N., & Cahn, S.;
REC: Mario Lanza",Musical/Film
Be My Yoko Ono,"Page, S., & Robertson, E.;
REC: The Barenaked Ladies",Rock/Pop
Be There,Tall Paul; REC: Tall Paul,Dance/Electronica
Beads,"Bley, Carla; REC: Carla Bley
Big Band",Jazz
Beale Street Blues,"Handy, W. C.; REC: Prince's
Orchestra; Alberta Hunter; Joe
Venuti; Eddie Lang;
Mississippi Fred McDowell",Blues
Bean And The Boys,"Hawkins, Coleman; REC:
Coleman Hawkins; Bud
Powell; Jackie McLean; Barry
Harris; Richard Carr; Fats
Navarro; James Weidman",Jazz
Beast Of Burden,"Jagger, M., & Richards, K.;
REC: The Rolling Stones;
Buckwheat Zydeco; The
Holmes Brothers; Bette Midler",R & B/Soul
Beat It,"Jackson, Michael; REC:
Michael Jackson",R & B/Soul
"Beat Me Daddy (Eight
To The Bar)","Raye, D., Prince, H., &
Sheehy, E.; REC: Will Bradley;
The Andrews Sisters; Woody
Herman; Commander Cody &
His Lost Planet Airmen;
George Shearing; Glenn Miller",Swing
Beats And Pieces,"Coldcut; REC: Coldcut; Kid
Koala",Dance/Electronica
Beautiful Ohio,"MacDonald, B., & Earl, M.;
REC: Henry Burr",Musical/Film
Beautiful Skin,"Cee-Lo, Khujo, T-Mo, K-Oz, &
Love, C.; REC: Goodie Mob",Hip-Hop
Beauty Is A Rare Thing,"Coleman, Ornette; REC:
Ornette Coleman; Paul
Plimley; Dewey Redman; Eric
Boeren",Jazz
Beauty Mark,"Wainwright, Rufus; REC:
Rufus Wainwright",Rock/Pop
Bebop,"Gillespie, Dizzy; REC: Dizzy
Gillespie; Charlie Parker; Bud
Powell; Milt Jackson; John
Coltrane; Deborah Brown;
Stan Getz; Tito Puente",Jazz
Be-bop-a-lula,"Vincent, G., & Davis, B.; REC:
Gene Vincent",Rock/Pop
Because The Night,"Smith, P., & Springsteen, B.;
REC: Patti Smith Group; Bruce
Springsteen & The E Street
Band",Rock/Pop
Because You're Mine,"Brodszky, N., & Cahn, S.;
REC: Mario Lanza; Nat King
Cole",Musical/Film
Bedelia,"Jerome, W., & Schwartz, J.;
REC: Billy Murray",Musical/Film
Beds Are Burning,"Garrett, P., Hirst, R., &
Moginie, J.; REC: Midnight Oil",Rock/Pop
Been Caught Stealing,"Farrell, P., Avery, E., Navarro,
D., & Perkins, S.; REC: Jane's
Addiction",Rock/Pop
"Been There, Done That","Dr. Dre, Anderson, S., &
Anderson, J.; REC: Dr. Dre",Hip-Hop
Beer Barrel Polka,"Vejvoda, J., & Brown, L.; REC:
The Andrews Sisters",Folk/Roots
Beetlebum,"Albarn, D., Coxon, G., James,
A., & Rowntree, D.; REC: Blur",Rock/Pop
"Before The Next
Teardrop Falls","Peters, B., & Keith, V.; REC:
Freddy Fender",Country/Bluegrass
Begin The Beguine,"Porter, Cole; REC: Artie Shaw;
Frank Sinatra; Art Tatum; The
Flamingos; Stan Kenton",Jazz
Behind Closed Doors,"O'Dell, Kenny; REC: Charlie
Rich; Percy Sledge",Country/Bluegrass
Bei Mir Bist Du Schon,"Cahn, S., Chaplin, S., &
Secunda, S.; REC: The
Andrews Sisters",Swing
Being Green,"Raposo, Joe; REC: Kermit
The Frog; Frank Sinatra; Van
Morrison; Stan Kenton",Jazz
Belfunk,"Coe, A., & May, C.; REC:
Sasha & John Digweed",Dance/Electronica
Bellhead,"Liquid Liquid; REC: Liquid
Liquid",Dance/Electronica
Bellybowl,Ferron; REC: Ferron,Folk/Roots
"Bentley's Gonna Sort
You Out","March, R., & Stokes, M.; REC:
Bentley Rhythm Ace",Dance/Electronica
Bernie's Tune,"Leiber, J., Stoller, M., & Miller,
B.; REC: Gerry Mulligan; Chet
Baker; Mel Torme; Gene
Krupa; Art Pepper; Stan
Kenton; Earl Hines; The
Cheers",Jazz
Besame Mucho,"Velazquez, C., & Skylar, S.;
REC: The Flamingos; Diana
Krall; Bobby Hutcherson; Art
Pepper; Jimmy Dorsey",Jazz
Beside You,"Morrison, Van; REC: Van
Morrison",R & B/Soul
Bessie's Blues,"Coltrane, John; REC: John
Coltrane; John Abercrombie;
Jean-Michel Pilc; Frank
Morgan; Alan Skidmore;
McCoy Tyner; Roy Haynes;
Woody Herman; Conrad
Herwig; Chick Corea; Rahsaan
Roland Kirk",Jazz
Best Of My Love,"White, M., & McKay, A.; REC:
The Emotions; C. J. Lewis;
Phoebe Snow",R & B/Soul
"Best Things In Life Are
Free, The","Henderson, R., De Sylva, B.
G., & Brown, L.; REC: Dinah
Shore",Musical/Film
Bette Davis Eyes,"DeShannon, J., & Weiss, D.;
REC: Kim Carnes",Rock/Pop
"Better Get Hit In Yo'
Soul","Mingus, Charles; REC:
Charles Mingus; Woody
Herman; Gil Evans; Larry
Coryell; Franco D'Andrea",Jazz
"Bewitched (Bothered
And Bewildered)","Rodgers, R., & Hart, L.; REC:
Frank Sinatra; Ruth Brown;
Anita O'Day; Rod Stewart",Jazz
"Beyond The Blue
Horizon","Whiting, R., & Robin, L.; REC:
Hugo Winterhalter",Musical/Film
Beyond The Sea,"Trenet, C., & Lawrence, J.;
REC: Bobby Darin",Jazz
Big Black Car,"Chilton, Alex; REC: Big Star",Rock/Pop
Big Boss Man,"Dixon, L, & Smith, A.; REC:
Jimmy Reed; Elvis Presley",Blues
Big City Blues,"Foley, Sue; REC: Sue Foley",Blues
Big City Woman,"Winter, Edgar; REC: Edgar
Winter",Blues
Big Fun,"Saunderson, K., Forrest, A.,
Grey, P., & Pennington, J., & ;
REC: Inner City",Dance/Electronica
Big Girls Don't Cry,"Gaudio, B., & Crewe, B.; REC:
The Four Seasons",Rock/Pop
"Big Hat, No Cattle","Newman, Randy; REC: Randy
Newman; The Bellamy
Brothers",Country/Bluegrass
Big Iron,"Robbins, Marty; REC: Marty
Robbins; Johnny Cash; Steve
Goodman",Country/Bluegrass
Big Joe Mufferaw,"Connors, Stompin' Tom; REC:
Stompin' Tom Connors",Country/Bluegrass
Big Momma Thang,"Lil' Kim, Bartos, A., Harvey, F.,
Jones, K., Lloyd, J., &
Sylvester, J.; REC: Lil' Kim &
Jay-Z",Hip-Hop
Big Ol' Goofy World,"Prine, John; REC: John Prine",Folk/Roots
Big Pimpin',"Jay-Z, Timbaland, Butler, C.,
Freeman, B., & Joshua, K.;
REC: Jay-Z",Hip-Hop
Big Poppa,"Notorious B. I. G., The, & The
Isley Brothers; REC: The
Notorious B. I. G.",Hip-Hop
Big River,"Cash, Johnny; REC: Johnny
Cash",Country/Bluegrass
Big Road Blues,"Johnson, Tommy; REC:
Tommy Johnson",Blues
"Big Rock Candy
Mountain","McClintock, Harry; REC: Burl
Ives; Dorsey Burnette",Folk/Roots
Big Ship,"McGregor, Freddie; REC:
Freddie McGregor",Reggae
Big Spender,"Coleman, C., & Fields, D.;
REC: Chita Rivera; Peggy
Lee; Shirley Bassey; Missy
Elliott; Queen; Diana Ross &
The Supremes",Jazz
"Big Three Killed My
Baby","White, J., White, M., & Gillis,
S.; REC: The White Stripes",Rock/Pop
Big Time Sensuality,"Bjork, & Hooper, N.; REC:
Bjork",Dance/Electronica
Big Yellow Taxi,"Mitchell, Joni; REC: Joni
Mitchell; Bob Dylan; Counting
Crows",Rock/Pop
Bike,"Barrett, Syd; REC: Pink Floyd;
Harvette",Rock/Pop
Biko,"Gabriel, Peter; REC: Peter
Gabriel",Rock/Pop
"Bilbao Song, The","Weill, K., & Mercer, J.; REC:
Lotte Lenya; Gil Evans",Jazz
Bill,"Kern, J., Hammerstein, II, O.,
& Wodehouse, P. G.; REC:
Gogi Grant",Musical/Film
"Bill Bailey Won't You
Please Come Home","Cannon, Hughie; REC: Louis
Armstrong; Pearl Bailey;
Brenda Lee",Jazz
Billie Jean,"Jackson, Michael; REC:
Michael Jackson",R & B/Soul
Billie's Blues,"Holiday, Billie; REC: Billie
Holiday; Buddy DeFranco;
Carmen McRae; John Hicks;
Monica Zetterlund; Mary
Coughlan; Esther Haynes;
Erroll Garner",Blues
Bills Bills Bills,"Beyonce, Briggs, K., Kandi,
Luckett, L., & Rowland, K;
REC: Destiny's Child, Da Brat,
Jermaine Dupri, & Lil Bow
Wow",R & B/Soul
Billy Bayou,"Miller, Roger; REC: Roger
Miller",Country/Bluegrass
"Bird In A Gilded Cage,
A","Von Tilzer, H., & Lamb, A.;
REC: Steve Porter",Musical/Film
Bird Of Paradise,"Parker, Charlie; REC: Charlie
Parker; Miles Davis; Sadao
Watanabe",Jazz
"Bird On The Wire (aka
Bird On A Wire)","Cohen, Leonard; REC:
Leonard Cohen; Judy Collins;
Fairport Convention",Folk/Roots
"Birdhouse In Your
Soul","Flansburgh, J., & Linnell, J.;
REC: They Might Be Giants",Rock/Pop
Birdland,"Zawinul, J., & Hendricks, J.;
REC: Weather Report;
Manhattan Transfer; Maynard
Ferguson; Earl Hines; Buddy
Rich; Freddie Hubbard; Quincy
Jones; Charlie McCoy; String
Cheese Incident",Jazz
"Birth Of The Blues,
The","Henderson, R., De Sylva, B.
G., & Brown, L.; REC: Frank
Sinatra; Jack Teagarden; Bing
Crosby; Benny Goodman;
Louis Prima; Oscar Peterson;
Lonnie Johnson; Coleman
Hawkins; Hank Snow; Cab
Calloway; Louis Armstrong;
Stan Kenton",Blues
Bitches Brew,"Davis, Miles; REC: Miles
Davis; Eddie Jefferson;
Nomeansno; Henry Kaiser",Jazz
Bittersweet Symphony,"Ashcroft, R., Jagger, M., &
Richards, K.; REC: The Verve;
The Royal Philharmonic
Orchestra",Rock/Pop
Bizarre Love Triangle,"Gilbert, G., Hook, P., Morris,
S., & Albrecht, B.; REC: New
Order; Frente!",Dance/Electronica
Black And Blue,"Waller, F., Razaf, A., &
Brooks, H.; REC: Louis
Armstrong; Duke Ellington;
Sidney Bechet; Jack
Teagarden; Earl Hines; Dinah
Washington; Roy Eldridge;
Dave Brubeck; Carmen
McRae; The Pointer Sisters ",Jazz
Black And Crazy Blues,"Kirk, Rahsaan Roland; REC:
Rahsaan Roland Kirk; Tiziano
Tononi; Jessica Williams;
Gianni Lenoci Trio",Jazz
Black Bottom Stomp,"Morton, Jelly Roll; REC: Jelly
Roll Morton; Red Nichols; Elvis
Presley; Dick Hyman; Kid Ory;
Wynton Marsalis",Jazz
"Black Codes (From
The Underground)","Marsalis, Wynton; REC:
Wynton Marsalis",Jazz
Black Coffee,"Webster, P. F., & Burke, S.;
REC: Sarah Vaughan; Ruth
Brown; Peggy Lee",Jazz
Black Crow,"Mitchell, Joni; REC: Joni
Mitchell",Rock/Pop
Black Dog,"Page, J., Plant, R., & Jones, J.
P.; REC: Led Zeppelin",Rock/Pop
Black Ego,"Digable Planets; REC: Digable
Planets",Hip-Hop
"Black Fly Song, The","Hemsworth, Wade; REC:
Wade Hemsworth",Folk/Roots
Black Hole Sun,"Cornell, Chris; REC:
Soundgarden",Rock/Pop
Black Ice,"Benjamin, A., Patton, A. A., K-Oz, & Sheats, D.; REC:
Goodie Mob",Hip-Hop
Black Magic Woman,"Green, Peter; REC: Santana;
Dennis Brown; Fleetwood Mac",Blues
Black Man Time,I-Roy; REC: I-Roy,Reggae
Black Napkins,"Zappa, Frank; REC: Frank
Zappa ",Rock/Pop
Black Night,"Brown, C., & Robinson, J. M.;
REC: Charles Brown; Bobby
""Blue"" Bland; Muddy Waters",Blues
Black Orchid,"Tjader, Cal; REC: Cal Tjader;
Iguazu; Al McKibbon",Jazz
Black Snake Moan,"Jefferson, Blind Lemon; REC:
Blind Lemon Jefferson",Blues
Black Steel,"Tricky, Ridenhour, C.,
Shocklee, H., & Sadler, E.;
REC: Tricky",Dance/Electronica
"Black Steel In The
Hour Of Chaos","Ridenhour, C., Shocklee, H.,
Shocklee, K., & Sadler, E.;
REC: Public Enemy",Hip-Hop
Black Velvet,"Tyson, D., & Ward, C. J.;
REC: Alannah Myles",Rock/Pop
Blackbird,"Lennon, J., & McCartney, P.;
REC: The Beatles; Bobby
McFerrin",Rock/Pop
Blame It On My Youth,"Levant, O., & Heyman, E.;
REC: Nat King Cole;
Rosemary Clooney",Jazz
Bleckentrommel,"DJ Tiesto, DJ Montana, &
Storm, G.; REC: DJ Tiesto",Dance/Electronica
Blessed,"Beenie Man, Henton, P.,
Jackson, G., & Morgan, M.;
REC: Beenie Man",Reggae
Blinded By The Light,"Springsteen, Bruce; REC:
Bruce Springsteen; Manfred
Mann",Rock/Pop
Bling Bling,"B. G., Baby Mannie Fresh,
Juvenile, & Lil' Wayne; REC:
B. G.",Hip-Hop
Blister In The Sun,"Gano, Gordon; REC: Violent
Femmes; DJ Miss Lisa; Guster",Rock/Pop
Blitzkrieg Bop,"Ramones, The; REC: The
Ramones",Rock/Pop
Block Rockin' Beats,"Rowlands, T., Simons, E., &
Weaver, J.; REC: The
Chemical Brothers",Dance/Electronica
Blood On The Saddle,"Cheetham, Everett; REC: Tex
Ritter",Country/Bluegrass
Blow At High Dough,"Downie, G., Baker, R., Fay, J.,
Langlois, P., & Sinclair, G.;
REC: The Tragically Hip",Rock/Pop
Blow Gabriel Blow,"Porter, Cole; REC: Chris
Connor; Ethel Merman",Jazz
Blow Wind Blow,"Waits, Tom; REC: Tom Waits",Jazz
Blowin' In The Wind,"Dylan, Bob; REC: Bob Dylan;
Odetta; The Soul Stirrers; T.
Rex; Eddie Albert",Folk/Roots
"Blowin' The Blues
Away","Silver, Horace; REC: Horace
Silver; Charles Earland; Dave
Young; Dee Dee Bridgewater;
Louie Bellson",Jazz
Blue,"Mitchell, Joni; REC: Joni
Mitchell",Rock/Pop
Blue,"Mack, Bill; REC: LeAnn Rimes",Country/Bluegrass
Blue Bayou,"Orbison, R., & Melson, J.;
REC: Roy Orbison; Linda
Ronstadt",Rock/Pop
"Blue Eyes Crying In
The Rain","Rose, Fred; REC: Willie
Nelson; Kitty Wells; Floyd
Cramer",Country/Bluegrass
Blue Fear,"Van Buuren, Armin; REC:
Armin Van Buuren",Dance/Electronica
Blue Flowers,"Kool Keith, & Nakamura, D.;
REC: Dr. Octagon",Hip-Hop
Blue Ghost Blues,"Johnson, Lonnie; REC: Lonnie
Johnson; Haunted House;
Walter Davis; Mike Bloomfield;
Loren MazzaCane Connors",Blues
Blue Hawaii,"Rainger, R., & Robin, L.; REC:
Bing Crosby; Elvis Presley",Musical/Film
Blue In Green,"Davis, M., & Evans, B.; REC:
Miles Davis; Bill Evans; Art
Farmer; Charlie Haden; Bud
Shank; Los Angeles Jazz
Quartet; Jorge Pardo; Herbie
Mann; John McLaughlin",Jazz
Blue Lines,"Del Naja, R., Marshall, G.,
Brown, J.; Carlton, L.; Geurin,
J.; Thaws, A.; & Vowles, A;
REC: Massive Attack",Dance/Electronica
Blue Monday,"Gilbert, G., Hook, P., Morris,
S., & Sumner, B.; REC: New
Order",Dance/Electronica
Blue Monk,"Monk, Thelonius; REC:
Thelonious Monk; Art Blakey;
Bill Evans; J. J. Johnson; Art
Farmer; Dexter Gordon;
Carmen McRae; Phil Woods;
Miles Davis; McCoy Tyner",Jazz
Blue Moon,"Rodgers, R., & Hart, L.; REC:
Elvis Presley; Bob Dylan; Mel
Torme; Coleman Hawkins;
Rod Stewart",Jazz
"Blue Moon Of
Kentucky","Monroe, Bill; REC: Bill
Monroe; Elvis Presley",Country/Bluegrass
Blue River,"Andersen, Eric; REC: Eric
Andersen; Rick Danko",Folk/Roots
Blue Rondo A La Turk,"Brubeck, Dave; REC: The
Dave Brubeck Quartet;
Fumiaki Myamoto; Bill Crofut;
The Canadian Brass; Uschi
Bruning; Turtle Island String
Quartet; Quartango; Pat
Metheny",Jazz
Blue Room,"Orb, The, & Paterson, A.;
REC: The Orb",Dance/Electronica
"Blue Room, The","Rodgers, R., & Hart, L.; REC:
The Melody Sheiks",Musical/Film
Blue Seven (Blue 7),"Rollins, S.; REC: Sonny
Rollins; Dakota Suite; Tim
Zannes; Jamie Oehlers;
Houston Person; Shirley Scott;
Glen Hall; Junko Orishi; Don
Hearle; Andy Snitzer",Jazz
"Blue Shadows On The
Trail","Daniel, E., & Lange, J.; REC:
The Sons of the Pioneers;
Vaughn Monroe; Tex Ritter",Country/Bluegrass
Blue Skies,"Berlin, Irving; REC: Willie
Nelson; Ella Fitzgerald; Art
Tatum; Tommy Dorsey; Mary
Lou Williams; Dinah
Washington; Wynton Marsalis",Jazz
Blue Suede Shoes,"Perkins, Carl; REC: Carl
Perkins; Elvis Presley",Rock/Pop
Blue Trane,"Coltrane, John; REC: John
Coltrane; Bruce Bennett; Jay
Thomas; J. J. Johnson; Cedar
Walton; Black & Brown; Archie
Shepp; Kenny Werner;
Michael Mason; GRP All-Star
Big Band; Joe Lee Wilson",Jazz
Blue Valentines,"Waits, Tom; REC: Tom Waits",Jazz
Blueberry Hill,"Lewis, A., Stock, L., & Rose,
V.; REC: Fats Domino; Gene
Autry; Yellowman",R & B/Soul
Bluegrass Breakdown,"Monroe, Bill; REC: Bill Monroe
& His Bluegrass Boys; Roy
Clark; The Kentucky Colonels;
Tom Adams; The Dry Branch
Fire Squad; Wynn Osborne;
Mick Larie; The Lilly Brothers ",Country/Bluegrass
Blues Before Sunrise,"Carr, L., & James, E.; REC:
Leroy Carr; Elmore James",Blues
Blues Connotation,"Coleman, Ornette; REC:
Ornette Coleman; Chick
Corea; Bobby McFerrin; Buddy
DeFranco; Art Blakey; Renee Rosnes;
Eugene Chadbourne",Jazz
Blues Etude,"Peterson, Oscar; REC: Oscar
Peterson",Jazz
Blues From A Gun,"Reid, J., & Reid, W.; REC: The
Jesus & Mary Chain",Rock/Pop
Blues In The Night,"Arlen, H., & Mercer, J.; REC:
Ella Fitzgerald; Tony Bennett;
Artie Shaw",Jazz
Blues March,"Golson, Benny; REC: Benny
Golson; Art Farmer; Art
Blakey; Blue Mitchell; The
Jazztet; Carmell Jones; Cal
Tjader; Harmonica Fats; Gene
Harris; Phil Upchurch; Max
Perkoff; Pete DeLuke; Herbert
Joos",Jazz
Blues On The Corner,"Tyner, McCoy; REC: McCoy
Tyner; Jon Henderson; Ron
English; Kirk Lightsey; Avery
Sharpe; Tough Young Tenors;
Jeff Palmer; Gary Thomas;
Roy Haynes; Ken Shepherd;
Calvin Keys",Jazz
Blues Palace,"Gorka, John; REC: John
Gorka",Folk/Roots
"Blues, The","Tony! Toni! Toné!; REC: Tony!
Toni! Toné!",R & B/Soul
Bo Diddley,"Diddley, Bo; REC: Bo Diddley",Rock/Pop
Bo' Weevil Blues,"Rainey, M., & Austin,
L./Traditional; REC: Ma
Rainey; Kokomo Arnold;
Bessie Smith",Blues
Boa Constrictor,"Silverstein, Shel; REC: Shel
Silverstein; Johnny Cash;
Peter, Paul & Mary",Folk/Roots
Bob,"Claypool, Les, & Primus; REC:
Primus",Rock/Pop
Body And Soul,"Heyman, E., Sour, R., Eyton,
F., & Green, J.; REC: Billie
Holiday; Coleman Hawkins;
Ruth Etting; Sarah Vaughan;
Louis Armstrong; Art Tatum;
Lester Young; Dexter Gordon;
Benny Golson",Jazz
Bohemia,"Moore, Mae; REC: Mae Moore",Folk/Roots
Bohemia Rag,"Lamb, Joseph; REC:
Champagne Charlie Jazz
Band",Ragtime
Bohemian Rhapsody,"Mercury, Freddie; REC:
Queen",Rock/Pop
Bolero,"Ravel, Maurice; REC: Royal
Philharmonic Orchestra; Frank
Zappa","Classical/
Contemporary"
Bombshelter Beast,"Schneider, Maria; REC: Maria
Schneider Jazz Orchestra",Jazz
Bombtrack,"Rage Against The Machine;
REC: Rage Against The
Machine",Rock/Pop
Bonanza Theme,"Livingston, J., & Evans,  R.;
REC: Johnny Cash",Musical/Film
Bonaparte's Retreat,"King, Pee Wee; REC: Kay
Starr; Willie Nelson",Country/Bluegrass
Bone Machine,"Black Francis; REC: The
Pixies",Rock/Pop
"Bonin' In The
Boneyard","Moore, A., Fisher, N., &
Kahne, D.; REC: Fishbone",Rock/Pop
Bonita Applebum,"Tribe Called Quest, A; REC: A
Tribe Called Quest",Hip-Hop
Boogie Chillen,"Hooker, John Lee; REC: John
Lee Hooker; Buddy Guy",Blues
Boogie Nights,"Temperton, Rod; REC:
Heatwave",Dance/Electronica
Boogie Wonderland,"Lind, J., & Willis, A.; REC:
Earth, Wind & Fire",Dance/Electronica
"Boogie Woogie Bugle
Boy","Raye, D., & Prince, H.; REC:
The Andrews Sisters; Bette
Midler",Swing
"Boogie Woogie
Dancin' Shoes","Barry, C., Bjoerklund, M.,
Evers, K., Forsey, K., &
Korduletsch, J. S.; REC:
Claudja Barry",Dance/Electronica
Book Of Love,"Davis, W., Malone, G., &
Patrick, C.; REC: The
Monotones; The Carpenters;
The Four Seasons; The Five
Satins",R & B/Soul
Boom Boom,"Hooker, John Lee; REC: John
Lee Hooker; The Animals",Blues
Boom Boom,"Brookmeyer, Bob; REC: Bob
Brookmeyer's New Art
Orchestra",Jazz
"Boom, Boom, Out
Goes The Lights","Lewis, Stan; REC: Little Walter",Blues
Boombastic,"Shaggy, King Floyd III, &
Livingston, R.; REC: Shaggy",Reggae
"Boots Of Spanish
Leather","Dylan, Bob; REC: Bob Dylan",Folk/Roots
"Bop Gun (Endangered
Species)","Clinton, G., & Collins, B.; REC:
Parliament",R & B/Soul
Bop-Be,"Jarrett, Keith; REC: Keith
Jarrett; The Kenny Drew, Jr.
Trio; UNLV Jazz Ensemble;
The Ermenia Cella Trio",Jazz
Boplicity,"Henry, Cleo; REC: Miles
Davis; Gerry Mulligan; Bobby
Enriquez; Les Double Six;
Joan Cartwright; Barbara
Adamson; Gary Motley; Paul
Warburton",Jazz
"Border Song (Holy
Moses)","John, E., & Taupin, B.; REC:
Elton John; Aretha Franklin",Rock/Pop
"Born At The Right
Time","Simon, Paul; REC: Paul
Simon",Rock/Pop
Born In Chicago,"Gravenites, Nick; REC: Paul
Butterfield Blues Band; James
Cotton",Blues
Born In The USA,"Springsteen, Bruce; REC:
Bruce Springsteen",Rock/Pop
Born On The Bayou,"Fogerty, John; REC:
Creedence Clearwater
Revival; Little Richard;
Crowded House; Etta James",Blues
Born Slippy,"Smith, R., Hyde, K., & 
Emerson, D.; REC:
Underworld",Dance/Electronica
Born To Be Blue,"Torme, M., & Well, R.; REC:
Mel Torme; Ray Charles;
Mildred Bailey; Grant Green; Helen Merrill; Ella Fitzgerald;
Chet Baker; Wes Montgomery;
Stan Getz; George Shearing;
Nancy Wilson; Gary Burton",Jazz
Born To Be Wild,"Bonfire, Mars; REC:
Steppenwolf",Rock/Pop
Born To Lose,"Brown, F., & Daffan, T.; REC:
Ted Daffan's Texans; Ray
Charles; Johnny Cash",Country/Bluegrass
Born To Run,"Springsteen, Bruce; REC:
Bruce Springsteen",Rock/Pop
Born Under A Bad Sign,"Jones, B. T., & Bell, W.; REC:
Albert King; Paul Butterfield
Blues Band; Cream; Booker T.
& The MGs",Blues
Borough Check,"Digable Planets, & Elam, K.;
REC: Digable Planets",Hip-Hop
Borstal Boys,"Stewart, R., Wood, R., &
McLagan; I.; REC: The Faces",Rock/Pop
Both Sides Now,"Mitchell, Joni; REC: Joni
Mitchell; Fairport Convention",Folk/Roots
Bottle Of Blues,"Hansen, Beck; REC: Beck",Rock/Pop
"Boulder To
Birmingham","Harris, E., & Danoff, B.; REC:
Emmylou Harris",Country/Bluegrass
"Boulevard Of Broken
Dreams, The","Warren, H., & Dubin, A.; REC:
Jan Garber",Jazz
Bouncer,"Halkes, N., & Russell, R.;
REC: Kicks Like A Mule",Dance/Electronica
Bouncing With Bud,"Powell, B., & Fuller, G.; REC:
Bud Powell; Fats Navarro; Art
Blakey; Larry Vuckovich; Bud
Shank; John Hicks; Keith
Jarrett; Sonny Rollins",Jazz
Bouquet Of Roses,"Hilliard, B., & Nelson, S. E.;
REC: Eddy Arnold; Ernest
Tubb; Marty Robbins; Dean
Martin; Les Paul",Country/Bluegrass
Bourgeois Blues,"Leadbelly; REC: Leadbelly;
Odetta",Blues
"Boxer, The","Simon, Paul; REC: Simon &
Garfunkel",Folk/Roots
"Boy From New York
City, The","Taylor, John T.; REC: The Ad
Libs; The Manhattan Transfer",R & B/Soul
"Boy In The Bubble, The","Simon, P., & Motloheloa, F.;
REC: Paul Simon",Rock/Pop
"Boy Named Sue, A","Silverstein, Shel; REC: Johnny
Cash",Country/Bluegrass
"Boys Of Summer, The","Henley, D., & Campbell, M.;
REC: Don Henley",Rock/Pop
Boyz-N-The-Hood,"Eazy-E, Dr. Dre, & Ice Cube;
REC: Eazy-E",Hip-Hop
"Brainstorm On The U.
D. S.","Urban Dance Squad; REC:
Urban Dance Squad",Rock/Pop
Brand New Funk,"Smith, W., & Townes, J.; REC:
DJ Jazzy Jeff & The Fresh
Prince",Hip-Hop
Brand New Man,"Brooks, K., Dunn, R., & Cook,
D.; REC: Brooks & Dunn",Country/Bluegrass
"Brand New Tennessee
Waltz","Winchester, Jesse; REC:
Jesse Winchester",Folk/Roots
"Brass In Pocket (I'm
Special)","Hynde, C., & Scott, J.; REC:
The Pretenders",Rock/Pop
Brass Monkey,"Beastie Boys, & Rubin, R.;
REC: Beastie Boys",Hip-Hop
Braver Newer World,"Gilmore, Jimmie Dale; REC:
Jimmie Dale Gilmore",Country/Bluegrass
Brazil,"Barroso, A., & Russell, S. K.;
REC: Jimmy Dorsey; Les Paul;
Django Reinhardt; Frank
Sinatra; Xavier Cugat",Swing
"Break On Through To
The Other Side","Morrison, J., Densmore, J.,
Krieger, R., & Manzarek, R.;
REC: The Doors; Stone
Temple Pilots",Rock/Pop
"Breaking Up Is Hard To
Do","Sedaka, N., & Greenfield, H.;
REC: Neil Sedaka",Rock/Pop
"Breaks, The","Blow, K., Ford, Jr., R., Moore,
J. B., Simmons, R., & Smith,
L.; REC: Kurtis Blow",Hip-Hop
Breathless,"Blackwell, Otis; REC: Jerry
Lee Lewis; Wanda Jackson;
Jimmy Page; Tom Jones;
Albert Lee; X; Mickey Gilley",Rock/Pop
Bredda Gravalicious,"Matthews, Winston, ""Pipe"";
REC: The Wailing Souls",Reggae
"Breezin' Along With
The Breeze","Whiting, R., Gillespie, H., &
Simons, S.; REC: Lou Breese;
Abe Lyman",Musical/Film
